protein_id,protein_id,18.8606
4487375,6931564,635.18
4487376,6931565,482.641
4487377,6931566,149.828
4487378,6931567,115.161
4487379,6931788,249.21
4487380,6933982,79.7221
4487381,6933586,282.337
4487382,6934293,28.1054
4487383,6932781,31.9574
4487384,6932256,25.0238
4487385,6933590,102.834
4487386,6933591,531.561
4487387,6931674,24.2534
4487388,6931594,331.643
4487389,6931593,176.022
4487390,6931592,281.567
4487391,6931590,497.278
4487392,6931587,186.808
4487393,6931586,405.986
4487394,6931585,306.605
4487395,6931584,106.301
4487396,6931583,83.1889
4487397,6931582,45.4394
4487398,6931578,310.842
4487399,6931577,289.656
4487400,6931576,498.434
4487401,6931646,130.183
4487402,6931575,227.639
4487403,6931574,261.922
4487404,6931573,235.728
4487405,6931572,350.903
4487406,6931571,372.859
4487407,6931570,343.584
4487408,6931569,182.57
4487409,6931568,206.068
4487410,6934328,147.902
4487411,6934327,76.6406
4487412,6934326,374.015
4487413,6934325,496.123
4487414,6934324,325.479
4487415,6933532,30.4166
4487416,6934323,343.584
4487417,6934322,532.332
4487418,6932966,97.8265
4487419,6932101,25.409
4487420,6931699,31.187
4487421,6932428,91.2781
4487422,6934287,72.4034
4487423,6934286,99.7525
4487424,6934285,571.237
4487425,6934284,540.036
4487426,6933570,149.828
4487427,6933566,36.5798
4487428,6933279,28.4906
4487429,6934281,878.241
4487430,6934280,222.246
4487431,6932750,44.2838
4487432,6934278,1347.8
4487433,6933950,25.7942
4487434,6934277,427.943
4487435,6934276,327.405
4487436,6934274,382.874
4487437,6934273,501.13
4487438,6934272,194.126
4487439,6934263,936.021
4487440,6932870,38.5058
4487441,6932546,25.0238
4487442,6933293,25.7942
4487443,6933348,863.218
4487444,6932143,100.908
4487445,6934073,26.5646
4487446,6932931,232.646
4487447,6933831,375.555
4487448,6933833,327.02
4487449,6931596,90.5077
4487450,6931806,28.4906
4487451,6932433,44.2838
4487452,6931629,67.3958
4487453,6932431,105.916
4487454,6932450,260.381
4487455,6932560,217.624
4487456,6932991,71.2478
4487457,6934025,88.1965
4487458,6933043,46.595
4487459,6932524,28.8758
4487460,6933334,27.7202
4487461,6932940,28.1054
4487462,6933201,1004.59
4487463,6934263,32.3426
4487464,6931745,245.743
4487465,6933805,41.2022
4487466,6933167,29.261
4487467,6932836,28.1054
4487468,6932540,29.6462
4487469,6931809,47.3654
4487470,6933359,261.536
4487471,6933358,154.066
4487472,6933357,123.635
4487473,6931775,74.3294
4487474,6933950,30.8018
4487475,6933356,336.265
4487476,6932716,200.29
4487477,6931775,24.6386
4487478,6932788,26.5646
4487479,6933074,34.2686
4487480,6932078,434.876
4487481,6933994,60.077
4487482,6932608,535.028
4487483,6932694,98.9821
4487484,6932977,227.254
4487485,6933423,25.409
4487486,6933721,91.2781
4487487,6933197,25.0238
4487488,6932693,26.5646
4487489,6933300,26.1794
4487490,6932687,28.4906
4487491,6933536,25.409
4487492,6932958,148.673
4487493,6933965,28.8758
4487494,6932382,23.0978
4487495,6931702,28.8758
4487496,6932116,30.4166
4487497,6933601,93.5893
4487498,6932536,61.6178
4487499,6934274,32.7278
4487500,6931986,84.3445
4487501,6934070,158.303
4487502,6933502,44.669
4487503,6932094,186.037
4487504,6932496,41.2022
4487505,6932610,27.7202
4487506,6932828,56.6102
4487507,6933829,53.1434
4487508,6932097,31.9574
4487509,6933775,111.694
4487510,6934305,279.256
4487511,6932555,124.79
4487512,6932734,63.929
4487513,6931745,186.037
4487514,6932430,23.8682
4487515,6932142,27.7202
4487516,6933308,172.17
4487517,6932507,30.0314
4487518,6933177,23.483
4487519,6933965,70.8626
4487520,6932325,26.5646
4487521,6933126,43.8986
4487522,6933330,28.1054
4487523,6931894,48.521
4487524,6934047,30.0314
4487525,6932921,53.9138
4487526,6933498,25.0238
4487527,6934305,249.595
4487528,6934305,292.738
4487529,6933058,25.7942
4487530,6931894,48.9062
4487531,6932554,25.409
4487532,6933857,27.335
4487533,6932766,28.8758
4487534,6931864,33.8834
4487535,6933396,29.261
4487536,6932527,179.874
4487537,6932526,811.987
4487538,6933547,28.4906
4487539,6931745,226.483
4487540,6931894,60.8474
4487541,6933308,133.265
4487542,6932447,51.2174
4487543,6931613,461.455
4487544,6931612,134.035
4487545,6931611,156.377
4487546,6932609,516.924
4487547,6932992,42.3578
4487548,6931876,30.0314
4487549,6933680,37.3502
4487550,6932023,25.409
4487551,6932795,27.7202
4487552,6932309,30.4166
4487553,6932378,24.2534
4487554,6932653,20.4014
4487555,6932972,28.4906
4487556,6932940,25.409
4487557,6932560,209.92
4487558,6931824,23.8682
4487559,6932733,120.939
4487560,6931955,22.7126
4487561,6932886,24.2534
4487562,6934148,25.409
4487563,6932733,97.8265
4487564,6931837,25.7942
4487565,6932866,28.1054
4487566,6933302,26.1794
4487567,6932733,95.9005
4487568,6933514,26.5646
4487569,6934165,25.7942
4487570,6932341,25.0238
4487571,6933309,25.0238
4487572,6933346,22.3274
4487573,6932490,26.5646
4487574,6933999,25.409
4487575,6933097,26.9498
4487576,6932215,25.409
4487577,6933287,24.6386
4487578,6932799,49.6766
4487579,6933213,38.891
4487580,6932709,25.409
4487581,6933311,43.1282
4487582,6932739,22.7126
4487583,6932755,136.346
4487584,6933051,27.7202
4487585,6933288,26.1794
4487586,6932733,94.7449
4487587,6933213,34.6538
4487588,6933030,34.6538
4487589,6933261,26.9498
4487590,6932866,46.9802
4487591,6934266,233.802
4487592,6931965,26.5646
4487593,6934298,24.2534
4487594,6931623,104.76
4487595,6934045,27.335
4487596,6932972,29.6462
4487597,6932971,32.7278
4487598,6932733,65.855
4487599,6933455,806.209
4487600,6932785,412.535
4487601,6931841,28.1054
4487602,6933981,26.1794
4487603,6931729,26.5646
4487604,6932665,161.384
4487605,6934176,195.667
4487606,6933829,147.132
4487607,6933005,70.8626
4487608,6934327,31.187
4487609,6933946,25.0238
4487610,6932507,31.5722
4487611,6933350,28.4906
4487612,6934048,21.9422
4487613,6931745,94.3597
4487614,6933892,60.8474
4487615,6933893,117.472
4487616,6933894,471.47
4487617,6933895,146.747
4487618,6932422,30.0314
4487619,,0
4487620,6933397,158.688
4487621,6933398,125.946
4487622,6933048,42.3578
4487623,6932671,28.8758
4487624,6932015,70.8626
4487625,6932872,25.0238
4487626,6932713,26.5646
4487627,6932040,25.7942
4487628,6934229,45.8246
4487629,6932694,103.605
4487630,6932063,36.965
4487631,6933675,923.309
4487632,6934093,26.5646
4487633,6931900,30.0314
4487634,6932943,35.4242
4487635,6932943,55.4546
4487636,6932118,29.261
4487637,6932028,922.539
4487638,6932029,332.413
4487639,6932047,373.629
4487640,6934265,211.846
4487641,6934231,28.8758
4487642,6931990,29.261
4487643,6934262,162.925
4487644,6934270,122.479
4487645,6934269,96.6709
4487646,6931853,23.483
4487647,6934264,213.772
4487648,6934220,422.935
4487649,6932234,25.7942
4487650,6934040,54.299
4487651,6931936,22.7126
4487652,6933408,26.9498
4487653,6931775,466.077
4487654,6932800,44.669
4487655,6933483,23.0978
4487656,6932149,98.2117
4487657,6933344,25.409
4487658,6933360,45.0542
4487659,6934166,67.781
4487660,6934167,77.411
4487661,6932602,249.98
4487662,6931901,388.267
4487663,6933196,991.875
4487664,6933691,37.7354
4487665,6933281,26.1794
4487666,6931686,25.409
4487667,6932263,28.8758
4487668,6934161,465.692
4487669,6932182,933.71
4487670,6933547,511.146
4487671,6933548,78.1814
4487672,6933549,201.83
4487673,6933550,114.39
4487674,6932850,28.4906
4487675,6933106,113.62
4487676,6933105,387.882
4487677,6932344,28.1054
4487678,6933748,311.997
4487679,6934103,417.157
4487680,6933455,29.6462
4487681,6931824,204.142
4487682,6933970,25.0238
4487683,6933370,24.6386
4487684,6933105,45.0542
4487685,6933962,25.0238
4487686,6932912,102.834
4487687,6933985,278.1
4487688,6931827,615.535
4487689,6931826,213.386
4487690,6932839,51.9878
4487691,6932491,41.5874
4487692,6932450,246.899
4487693,6932373,26.1794
4487694,6933993,340.502
4487695,6931745,212.231
4487696,6932938,29.261
4487697,6933076,340.117
4487698,6932329,138.272
4487699,6934160,343.584
4487700,6934159,266.159
4487701,6934158,515.768
4487702,6933531,31.187
4487703,6933949,27.7202
4487704,6932259,38.5058
4487705,6933876,172.94
4487706,6932257,121.709
4487707,6933257,25.409
4487708,6932280,242.662
4487709,6933277,51.9878
4487710,6931755,521.931
4487711,6931831,162.155
4487712,6933983,187.963
4487713,6933827,31.9574
4487714,6932616,263.462
4487715,6932560,70.8626
4487716,6932560,120.553
4487717,6933920,473.396
4487718,6932340,27.335
4487719,6931839,308.916
4487720,6933300,563.148
4487721,6933299,151.369
4487722,6934052,30.0314
4487723,6931845,776.163
4487724,6931846,652.899
4487725,6931845,25.0238
4487726,6932572,41.2022
4487727,6933992,30.4166
4487728,6933617,261.151
4487729,6934318,447.588
4487730,6934319,846.655
4487731,6934311,395.201
4487732,6934315,379.407
4487733,6933778,734.561
4487734,6932473,907.901
4487735,6934317,290.812
4487736,6932771,520.39
4487737,6932387,25.409
4487738,6932839,23.8682
4487739,6933927,26.1794
4487740,6932205,26.9498
4487741,6933155,34.6538
4487742,6931680,619.002
4487743,6932251,314.309
4487744,6932860,72.0182
4487745,6933681,196.438
4487746,6932984,288.886
4487747,6933684,662.144
4487748,6932530,446.432
4487749,6932622,25.7942
4487750,6932884,27.335
4487751,6933506,24.6386
4487752,6931890,127.102
4487753,6933734,281.952
4487754,6933685,176.407
4487755,6933686,303.908
4487756,6933687,287.345
4487757,6933688,719.153
4487758,6933689,315.464
4487759,6933693,598.586
4487760,6932045,26.9498
4487761,6933695,864.374
4487762,6934223,25.7942
4487763,6931894,61.6178
4487764,6933845,693.345
4487765,6933581,228.409
4487766,6933580,908.286
4487767,6933579,160.229
4487768,6933578,433.335
4487769,6933575,407.527
4487770,6933574,359.762
4487771,6933573,149.828
4487772,6932966,131.339
4487773,6931900,226.868
4487774,6932726,375.555
4487775,6933738,206.068
4487776,6933398,137.887
4487777,6933719,142.124
4487778,6931702,734.561
4487779,6931990,32.7278
4487780,6931899,278.87
4487781,6931898,89.7373
4487782,6931897,145.976
4487783,6933888,132.494
4487784,6931896,861.292
4487785,6931895,521.161
4487786,6931892,102.064
4487787,6931892,103.219
4487788,6933145,46.2098
4487789,6931891,290.041
4487790,6933076,24.2534
4487791,6934198,23.0978
4487792,6931923,160.614
4487793,6933365,37.7354
4487794,6931901,27.335
4487795,6933003,25.409
4487796,6934291,25.0238
4487797,6933993,26.9498
4487798,6934089,346.665
4487799,6934090,637.106
4487800,6934091,260.381
4487801,6934093,361.303
4487802,6932700,27.7202
4487803,6933362,231.491
4487804,6932700,123.25
4487805,6934262,346.665
4487806,6934261,451.825
4487807,6931831,192.971
4487808,6934279,25.0238
4487809,6932377,28.1054
4487810,6934256,1241.87
4487811,6933162,28.4906
4487812,6932067,33.113
4487813,6934083,45.0542
4487814,6932923,25.0238
4487815,6931935,44.669
4487816,6932497,91.2781
4487817,6933583,1479.92
4487818,6933582,188.348
4487819,6933846,162.54
4487820,6933948,171.4
4487821,6932629,98.5969
4487822,6933203,23.8682
4487823,6931899,27.335
4487824,6932756,183.341
4487825,6932387,33.4982
4487826,6933963,834.713
4487827,6932889,133.265
4487828,6934041,280.026
4487829,6932227,463.766
4487830,6932727,26.9498
4487831,6932560,218.394
4487832,6933158,24.2534
4487833,6932560,123.25
4487834,6932450,291.197
4487835,6932746,26.9498
4487836,6932449,63.929
4487837,6931629,48.9062
4487838,6933733,39.6614
4487839,6931860,75.8702
4487840,6932477,709.138
4487841,6932478,458.759
4487842,6932479,213.001
4487843,6933755,283.878
4487844,6933243,590.112
4487845,6931771,414.461
4487846,6931770,898.271
4487847,6931769,236.498
4487848,6931768,186.808
4487849,6931663,323.939
4487850,6931767,428.713
4487851,6931766,103.605
4487852,6931765,346.28
4487853,6931764,185.652
4487854,6931763,186.037
4487855,6932223,27.7202
4487856,6931757,189.889
4487857,6934157,275.789
4487858,6934156,82.8037
4487859,6934155,374.4
4487860,6934153,72.7886
4487861,6933389,26.1794
4487862,6932898,46.9802
4487863,6933321,25.0238
4487864,6932020,228.024
4487865,6933662,289.656
4487866,6932018,393.275
4487867,6932017,494.582
4487868,6932016,54.299
4487869,6932556,124.79
4487870,6932014,266.159
4487871,6932010,171.785
4487872,6932009,837.41
4487873,6932008,423.32
4487874,6932007,340.887
4487875,6932006,104.76
4487876,6932004,659.833
4487877,6932003,512.686
4487878,6932002,225.713
4487879,6933837,163.31
4487880,6933839,347.821
4487881,6933511,89.7373
4487882,6932298,199.134
4487883,6931937,294.664
4487884,6931938,59.3066
4487885,6931939,321.627
4487886,6931940,250.366
4487887,6931941,226.868
4487888,6931671,117.472
4487889,6931942,33.4982
4487890,6931943,273.863
4487891,6931944,438.343
4487892,6931946,255.758
4487893,6931947,248.825
4487894,6931951,116.701
4487895,6931952,409.453
4487896,6931953,714.916
4487897,6931956,991.875
4487898,6932361,25.7942
4487899,6933341,29.6462
4487900,6932570,25.409
4487901,6934205,88.5817
4487902,6932262,31.187
4487903,6931746,250.366
4487904,6933354,30.0314
4487905,6931743,360.147
4487906,6934077,221.476
4487907,6934239,343.584
4487908,6931675,80.4925
4487909,6934237,840.877
4487910,6934235,218.394
4487911,6934234,209.92
4487912,6934233,334.339
4487913,6934232,67.781
4487914,6934231,707.597
4487915,6934230,497.664
4487916,6934229,450.284
4487917,6934228,598.201
4487918,6934227,366.696
4487919,6934226,354.755
4487920,6934225,669.848
4487921,6934224,151.369
4487922,6934223,645.58
4487923,6934222,528.48
4487924,6932296,98.5969
4487925,6932102,26.5646
4487926,6932434,500.36
4487927,6932529,220.32
4487928,6932528,598.971
4487929,6934256,30.4166
4487930,6933724,301.212
4487931,6932544,875.159
4487932,6932542,323.553
4487933,6932541,367.081
4487934,6932540,432.565
4487935,6932539,917.146
4487936,6933073,75.485
4487937,6933308,23.8682
4487938,6931618,25.0238
4487939,6933888,30.0314
4487940,6933393,149.058
4487941,6934258,77.7962
4487942,6934257,129.028
4487943,6933394,564.303
4487944,6933186,50.8322
4487945,6933680,49.6766
4487946,6934194,55.0694
4487947,6932893,397.512
4487948,6932894,186.422
4487949,6933596,26.9498
4487950,6933504,115.546
4487951,6933254,783.097
4487952,6932560,21.1718
4487953,6932438,215.698
4487954,6933624,53.1434
4487955,6933396,358.221
4487956,6933395,509.605
4487957,6932673,185.652
4487958,6933215,130.568
4487959,6932860,117.087
4487960,6932276,160.614
4487961,6931739,30.0314
4487962,6934079,123.635
4487963,6934198,46.9802
4487964,6934226,30.0314
4487965,6933096,48.1358
4487966,6933518,55.8398
4487967,6932643,33.113
4487968,6933296,26.1794
4487969,6933293,25.7942
4487970,6934126,28.4906
4487971,6931948,55.8398
4487972,6934111,31.187
4487973,6932675,28.1054
4487974,6934267,37.7354
4487975,6933395,100.138
4487976,6932860,137.502
4487977,6932126,44.2838
4487978,6934229,68.1662
4487979,6933028,120.553
4487980,6931841,28.1054
4487981,6933366,20.7866
4487982,6932870,46.2098
4487983,6933168,23.8682
4487984,6934126,25.7942
4487985,6932648,31.5722
4487986,6932017,27.335
4487987,6932378,23.8682
4487988,6933395,145.591
4487989,6934013,49.6766
4487990,6933682,23.8682
4487991,6931985,36.5798
4487992,6932833,24.2534
4487993,6932134,25.409
4487994,6932638,25.0238
4487995,6932733,50.447
4487996,6933304,88.5817
4487997,6933534,50.447
4487998,6931968,69.707
4487999,6934266,248.825
4488000,6932799,33.113
4488001,6933800,40.0466
4488002,6931677,130.183
4488003,6932277,38.5058
4488004,6932278,117.087
4488005,6932281,425.631
4488006,6932282,779.245
4488007,6932283,377.481
4488008,6932284,70.0922
4488009,6932285,784.252
4488010,6933356,40.4318
4488011,6934013,31.5722
4488012,6932422,27.7202
4488013,6933423,137.117
4488014,6932550,538.495
4488015,6933649,338.576
4488016,6933650,157.918
4488017,6934017,158.303
4488018,6934018,293.508
4488019,6934020,32.7278
4488020,6934021,515.768
4488021,6934025,442.195
4488022,6933090,29.261
4488023,6933015,609.757
4488024,6934029,455.677
4488025,6934030,688.723
4488026,6934031,58.9214
4488027,6934032,493.812
4488028,6934033,533.102
4488029,6932643,25.0238
4488030,6932555,199.904
4488031,6933760,298.13
4488032,6933761,370.933
4488033,6932555,66.2402
4488034,6934278,25.7942
4488035,6931694,421.009
4488036,6931838,582.408
4488037,6931837,209.92
4488038,6931836,270.011
4488039,6931835,236.884
4488040,6931834,839.721
4488041,6931833,475.322
4488042,6931900,27.7202
4488043,6934149,275.789
4488044,6932806,164.081
4488045,6933755,604.749
4488046,6933699,234.187
4488047,6933700,81.6481
4488048,6933701,274.633
4488049,6932864,23.0978
4488050,6932097,779.245
4488051,6931929,232.261
4488052,6933422,24.2534
4488053,6932092,25.0238
4488054,6932285,28.1054
4488055,6932828,55.8398
4488056,6932623,72.0182
4488057,6932286,53.1434
4488058,6933322,25.0238
4488059,6931738,23.8682
4488060,6932783,25.409
4488061,6931699,30.0314
4488062,6933756,29.6462
4488063,6931727,367.851
4488064,6932250,112.849
4488065,6933560,27.335
4488066,6931775,24.6386
4488067,6932788,26.5646
4488068,6932392,41.9726
4488069,6932786,47.3654
4488070,6932298,175.252
4488071,6933134,210.69
4488072,6931956,158.688
4488073,6934318,25.7942
4488074,6932076,25.0238
4488075,6933145,229.95
4488076,6933134,673.7
4488077,6931856,33.113
4488078,6932449,286.574
4488079,6932450,1321.99
4488080,6932451,288.886
4488081,6932598,100.523
4488082,6932234,23.8682
4488083,6933230,27.7202
4488084,6933637,77.411
4488085,6932788,26.5646
4488086,6931775,24.6386
4488087,6933393,24.6386
4488088,6931676,29.261
4488089,6933572,54.299
4488090,6933571,318.931
4488091,6933555,352.829
4488092,6932899,369.392
4488093,6932898,204.142
4488094,6932897,345.51
4488095,6932084,26.9498
4488096,6931874,26.9498
4488097,6933138,226.483
4488098,6931608,25.7942
4488099,6932905,515.768
4488100,6933077,27.335
4488101,6933544,155.606
4488102,6933397,168.703
4488103,6933398,153.295
4488104,6933327,40.0466
4488105,6933316,169.474
4488106,6931719,33.8834
4488107,6932526,107.457
4488108,6933285,25.0238
4488109,6931670,313.923
4488110,6932798,25.7942
4488111,6934228,25.7942
4488112,6932560,185.652
4488113,6933055,399.438
4488114,6933054,172.17
4488115,6933050,244.973
4488116,6933049,219.55
4488117,6933047,316.62
4488118,6933010,26.9498
4488119,6933445,231.491
4488120,6932100,490.73
4488121,6934173,162.155
4488122,6934171,196.438
4488123,6931601,415.231
4488124,6934329,53.1434
4488125,6931651,30.4166
4488126,6931691,263.077
4488127,6931690,61.2326
4488128,6931689,687.952
4488129,6931688,228.409
4488130,6931687,331.643
4488131,6933408,21.1718
4488132,6931686,523.087
4488133,6932924,65.0846
4488134,6931600,53.1434
4488135,6932555,130.568
4488136,6933231,693.73
4488137,6933230,395.586
4488138,6933229,89.3521
4488139,6933228,620.542
4488140,6933227,295.049
4488141,6933226,300.442
4488142,6933225,87.0409
4488143,6933224,218.009
4488144,6932953,166.007
4488145,6932522,63.1586
4488146,6931661,33.113
4488147,6932522,62.7734
4488148,6933728,419.853
4488149,6931919,26.9498
4488150,6933898,333.569
4488151,6933727,650.973
4488152,6931928,735.332
4488153,6931927,1459.51
4488154,6932557,145.976
4488155,6931962,411.764
4488156,6933407,347.821
4488157,6931864,28.4906
4488158,6931990,27.335
4488159,6931711,90.1225
4488160,6932499,122.865
4488161,6933988,28.4906
4488162,6933394,271.166
4488163,6933943,609.372
4488164,6933945,567.385
4488165,6933946,197.978
4488166,6933947,181.415
4488167,6933948,473.396
4488168,6933032,74.7146
4488169,6931719,55.0694
4488170,6931860,34.2686
4488171,6933857,135.961
4488172,6933858,479.174
4488173,6933859,218.779
4488174,6933860,229.18
4488175,6933865,313.923
4488176,6933866,497.278
4488177,6933867,218.009
4488178,6933868,214.927
4488179,6932226,41.2022
4488180,6934088,82.4185
4488181,6933068,24.6386
4488182,6933937,28.4906
4488183,6933865,43.5134
4488184,6933164,290.426
4488185,6932560,205.682
4488186,6933847,181.415
4488187,6933967,218.394
4488188,6933122,84.7297
4488189,6933160,182.57
4488190,6933159,526.168
4488191,6931990,29.261
4488192,6933206,50.0618
4488193,6934222,28.1054
4488194,6934314,26.9498
4488195,6932427,74.7146
4488196,6932514,23.483
4488197,6933423,834.328
4488198,6933351,124.02
4488239,6931895,25.409
4488240,6932196,856.67
4488241,6932499,68.1662
4488242,6933164,315.079
4488243,6934112,28.1054
4488244,6932473,45.8246
4488245,6933642,639.417
4488246,6931588,23.8682
4488247,6933643,735.717
4488248,6933644,88.5817
4488249,6933646,524.242
4488250,6933646,487.649
4488251,6933615,26.5646
4488252,6932021,596.66
4488253,6931857,263.462
4488254,6931858,75.8702
4488255,6931861,674.47
4488199,6933351,90.8929
4488200,6933422,981.089
4488256,6931864,299.286
4488201,6933279,61.6178
4488257,6931865,88.5817
4488202,6934313,28.4906
4488258,6931866,247.669
4488203,6932655,416.772
4488204,6932017,27.335
4488205,6932717,126.716
4488206,6932286,75.485
4488207,6933787,404.06
4488208,6933785,163.696
4488209,6933784,429.098
4488259,6931867,125.561
4488210,6933783,147.132
4488211,6933780,484.952
4488212,6933779,153.68
4488260,6932654,23.8682
4488213,6933641,35.039
4488214,6933832,91.2781
4488261,6931870,336.265
4488262,6931871,104.375
4488215,6934196,314.309
4488216,6934198,285.034
4488217,6934199,99.7525
4488263,6931872,173.711
4488218,6932630,241.121
4488264,6931873,164.851
4488265,6931874,802.742
4488266,6931875,386.341
4488267,6933146,140.584
4488219,6931676,26.9498
4488220,6934200,240.736
4488221,6934201,394.43
4488222,6932664,27.335
4488223,6931745,278.1
4488224,6933978,64.3142
4488225,6934279,135.191
4488226,6933433,28.1054
4488268,6931610,33.8834
4488227,6932099,223.787
4488228,6931604,252.677
4488229,6934170,484.567
4488230,6934165,314.309
4488269,6932378,442.965
4488231,6934063,28.1054
4488232,6934164,242.662
4488270,6932379,273.863
4488233,6932689,28.1054
4488271,6931983,68.5514
4488234,6932466,448.743
4488235,6933033,352.443
4488272,6932380,530.406
4488236,6932894,32.3426
4488237,6931962,40.817
4488238,6932766,568.54
4488273,6932381,424.861
4488303,6933541,135.191
4488274,6932430,1524.22
4488304,6933540,263.848
4488305,6933976,24.2534
4488275,6932431,303.908
4488306,6933538,62.3882
4488307,6933537,535.413
4488276,6932432,434.106
4488308,6933536,1444.1
4488277,6932433,150.599
4488309,6933532,243.432
4488310,6933531,255.373
4488278,6933077,129.413
4488311,6933530,103.605
4488279,6933444,27.335
4488312,6933529,122.479
4488280,6933211,85.5001
4488313,6934098,36.965
4488314,6932757,76.2554
4488315,6933325,23.0978
4488316,6933238,26.9498
4488317,6933200,387.882
4488318,6932525,476.863
4488319,6932911,402.134
4488320,6932910,240.35
4488321,6932909,79.337
4488281,6933873,103.219
4488322,6932841,25.0238
4488323,6933050,81.2629
4488324,6933268,35.4242
4488282,6932223,1183.32
4488283,6932224,356.295
4488325,6933305,32.3426
4488326,6934143,28.8758
4488327,6933454,1053.12
4488284,6932225,267.314
4488328,6931994,515.383
4488285,6932226,174.866
4488329,6931993,566.614
4488330,6933610,26.9498
4488331,6932278,28.4906
4488332,6933158,28.4906
4488333,6933340,25.0238
4488286,6932227,626.706
4488334,6932185,721.465
4488335,6934255,63.1586
4488287,6931817,590.497
4488336,6931882,702.205
4488337,6933211,378.252
4488288,6931818,367.466
4488338,6934175,230.335
4488339,6934174,601.282
4488289,6931819,65.0846
4488340,6931761,27.7202
4488290,6931820,323.939
4488341,6932874,30.4166
4488342,6932440,54.6842
4488291,6931821,199.904
4488292,6934099,256.529
4488343,6931856,47.7506
4488344,6931948,40.4318
4488345,6932125,645.195
4488346,6932126,314.694
4488347,6932673,203.371
4488348,6932440,68.1662
4488349,6932129,64.3142
4488350,6932440,37.3502
4488351,6934267,171.785
4488293,6934098,470.7
4488352,6932440,50.0618
4488353,6933251,355.14
4488354,6933192,378.252
4488294,6931674,25.0238
4488355,6933190,337.421
4488356,6933991,28.1054
4488295,6934040,286.574
4488357,6932339,28.8758
4488358,6932245,24.2534
4488296,6932367,322.013
4488359,6933412,28.1054
4488360,6932078,25.409
4488361,6932357,479.174
4488362,6932358,607.446
4488363,6931830,34.6538
4488364,6931991,27.335
4488365,6932360,120.553
4488366,6932362,164.081
4488367,6932047,68.5514
4488297,6933978,56.9954
4488368,6933860,51.2174
4488369,6933262,28.4906
4488298,6932786,56.9954
4488370,6932222,28.1054
4488299,6932473,43.5134
4488371,6933146,474.552
4488300,6932660,26.5646
4488372,6931745,27.7202
4488373,6932554,27.335
4488301,6932008,127.872
4488374,6932383,431.795
4488302,6931807,48.9062
4488375,6932384,600.127
4488402,6932413,666.381
4488403,6932414,362.073
4488376,6932386,438.728
4488377,6932387,783.482
4488378,6932388,201.83
4488379,6932389,232.646
4488380,6932390,1026.16
4488381,6932646,619.387
4488382,6932392,170.244
4488383,6932393,263.077
4488384,6932394,240.35
4488385,6932395,119.398
4488404,6932415,132.88
4488386,6932396,381.333
4488387,6932397,147.517
4488405,6932417,180.259
4488406,6932418,177.563
4488407,6932419,322.783
4488416,6933467,194.897
4488408,6932420,479.945
4488417,6932946,492.656
4488409,6932421,193.356
4488410,6932422,1099.73
4488418,6932947,75.8702
4488411,6932423,149.828
4488419,6932948,175.637
4488412,6932424,142.124
4488420,6934260,252.677
4488413,6933471,419.083
4488421,6933749,199.519
4488422,6933750,480.715
4488423,6933751,65.4698
4488424,6933752,404.06
4488425,6933753,114.775
4488426,6933198,382.874
4488427,6933197,267.7
4488388,6932398,123.635
4488389,6932399,362.844
4488390,6932400,164.081
4488414,6933469,211.846
4488391,6932401,72.7886
4488392,6932402,134.035
4488428,6933144,208.764
4488429,6934325,26.5646
4488430,6934263,27.7202
4488393,6932403,191.815
4488394,6932404,130.568
4488415,6933468,233.032
4488395,6932405,287.345
4488396,6932406,131.339
4488431,6933021,27.7202
4488397,6932407,192.971
4488432,6934283,29.261
4488454,6932255,29.261
4488433,6933624,57.3806
4488434,6934070,26.1794
4488435,6931770,24.6386
4488398,6932408,251.521
4488399,6932409,132.494
4488436,6931978,36.5798
4488437,6933506,25.409
4488438,6932722,28.8758
4488400,6932410,225.713
4488401,6932412,159.073
4488455,6932297,345.125
4488439,6932833,26.5646
4488440,6934052,26.1794
4488441,6932364,28.8758
4488488,6934178,507.679
4488456,6932486,219.55
4488442,6934296,28.8758
4488457,6933145,24.6386
4488443,6932634,201.83
4488444,6932636,70.0922
4488489,6934180,566.614
4488490,6932707,28.8758
4488491,6934182,640.958
4488492,6933788,934.095
4488445,6931579,25.409
4488446,6932195,25.409
4488458,6932487,128.257
4488447,6932638,216.083
4488448,6933318,40.0466
4488493,6932920,164.081
4488494,6932161,28.1054
4488495,6933982,124.405
4488496,6933789,171.785
4488449,6932074,21.1718
4488450,6933040,28.8758
4488451,6932466,20.7866
4488452,6932033,24.2534
4488453,6933523,92.4337
4488459,6932977,392.504
4488460,6932491,169.088
4488497,6933790,371.703
4488461,6933244,1076.23
4488462,6933242,363.229
4488463,6932148,23.0978
4488498,6931717,402.134
4488499,6933526,39.6614
4488514,6933900,202.216
4488515,6933902,1765.74
4488516,6934088,374.785
4488500,6933297,45.8246
4488501,6934008,26.5646
4488464,6933240,56.9954
4488502,6931610,997.268
4488503,6933207,555.058
4488504,6931640,96.6709
4488505,6931638,506.138
4488506,6931653,322.013
4488507,6932893,25.409
4488517,6932370,238.81
4488518,6931964,195.282
4488519,6934235,51.9878
4488520,6931963,266.544
4488521,6933144,164.081
4488522,6934104,48.521
4488523,6932450,495.352
4488524,6931630,98.2117
4488525,6933525,201.445
4488508,6933891,193.741
4488509,6933897,194.897
4488526,6933523,179.489
4488465,6933237,423.32
4488527,6933522,410.223
4488528,6933521,378.252
4488529,6933403,410.609
4488510,6933898,525.783
4488511,6932804,1520.37
4488512,6932805,414.846
4488513,6933899,209.92
4488530,6933161,323.939
4488531,6933124,250.366
4488532,6933123,115.161
4488466,6933217,179.104
4488533,6934166,204.142
4488534,6934167,139.428
4488467,6933235,401.749
4488535,6932129,58.5362
4488536,6933340,360.533
4488544,6933334,285.419
4488468,6933234,549.28
4488545,6933331,224.942
4488537,6933567,28.8758
4488469,6932428,62.3882
4488538,6933318,162.155
4488539,6933339,339.732
4488546,6933330,352.443
4488470,6932868,25.409
4488547,6933329,62.3882
4488548,6932502,371.318
4488549,6933249,236.498
4488550,6933248,694.886
4488540,6933338,517.694
4488541,6933337,478.019
4488542,6933336,157.918
4488543,6933335,663.3
4488580,6934181,31.5722
4488581,6931745,218.009
4488551,6933247,1006.51
4488552,6933246,533.487
4488471,6932962,538.495
4488553,6931716,142.895
4488582,6933220,56.9954
4488583,6931999,111.694
4488584,6932891,190.274
4488585,6931652,138.658
4488472,6932961,440.269
4488586,6934184,418.698
4488473,6932469,38.5058
4488587,6934092,271.552
4488588,6933305,35.4242
4488589,6933306,284.648
4488590,6933307,147.132
4488591,6933308,305.064
4488592,6931572,38.5058
4488593,6932051,34.2686
4488594,6932611,30.8018
4488554,6933245,1014.22
4488555,6933982,127.487
4488556,6933206,397.127
4488557,6933212,224.172
4488558,6933204,60.4622
4488559,6933203,810.446
4488560,6934163,102.064
4488561,6932457,30.0314
4488562,6932193,182.57
4488595,6933574,77.411
4488563,6933447,234.958
4488474,6931699,226.098
4488564,6933446,410.223
4488565,6932159,379.793
4488566,6932160,276.944
4488567,6932161,542.732
4488568,6932603,79.7221
4488569,6932847,279.641
4488570,6932847,58.5362
4488571,6933421,92.0485
4488572,6933122,578.556
4488596,6933279,33.113
4488597,6934185,1260.36
4488598,6933122,100.138
4488599,6933611,50.8322
4488600,6932275,26.1794
4488601,6932256,758.059
4488602,6932255,497.664
4488603,6932254,286.189
4488604,6933878,360.918
4488605,6933879,323.168
4488606,6931601,24.2534
4488607,6931728,154.066
4488608,6933560,122.094
4488609,6931983,981.089
4488610,6933655,393.275
4488611,6933791,29.261
4488612,6932112,545.043
4488613,6932113,767.689
4488614,6932114,101.679
4488615,6932115,108.997
4488573,6933634,214.157
4488574,6933633,470.315
4488575,6933632,66.2402
4488576,6933631,387.111
4488577,6933630,197.208
4488578,6933629,306.99
4488579,6931831,25.7942
4488616,6932116,153.295
4488475,6931698,571.237
4488649,6933716,28.1054
4488650,6933435,135.191
4488651,6933434,85.8853
4488652,6933433,758.444
4488653,6932264,60.8474
4488617,6932117,552.747
4488618,6932118,343.199
4488619,6933498,30.0314
4488620,6932120,396.356
4488621,6932122,270.011
4488622,6932124,115.161
4488654,6932555,208.764
4488655,6932555,164.081
4488623,6934202,74.3294
4488476,6931852,41.9726
4488624,6932462,24.6386
4488625,6932048,112.079
4488656,6932903,148.673
4488657,6932886,1280.39
4488658,6932885,182.956
4488477,6931697,360.147
4488659,6931887,1041.95
4488660,6933511,24.2534
4488661,6933332,29.261
4488662,6933628,28.4906
4488663,6933830,187.578
4488664,6931817,186.808
4488665,6932894,34.6538
4488666,6933952,340.117
4488626,6933189,624.78
4488627,6933188,316.62
4488628,6934319,27.7202
4488629,6933187,708.753
4488630,6933309,26.1794
4488631,6932425,222.246
4488632,6934104,40.817
4488633,6933131,260.766
4488667,6933345,113.62
4488478,6934135,25.7942
4488668,6931745,26.9498
4488669,6932845,53.5286
4488670,6932013,48.521
4488634,6933132,214.542
4488635,6933137,345.125
4488636,6933152,163.696
4488637,6933721,474.167
4488638,6933720,255.758
4488639,6933717,343.584
4488640,6933716,911.753
4488641,6933715,139.428
4488642,6933714,210.69
4488643,6933713,342.043
4488671,6932096,197.593
4488672,6933401,224.942
4488673,6933402,139.428
4488674,6932275,444.891
4488675,6932107,241.506
4488676,6932102,450.669
4488677,6932981,29.6462
4488678,6932260,300.056
4488679,6934186,379.022
4488680,6934314,25.7942
4488644,6932461,405.601
4488645,6932907,171.014
4488681,6933013,161.77
4488479,6933187,191.43
4488682,6931943,90.8929
4488683,6934187,244.202
4488684,6933543,477.248
4488685,6932132,218.779
4488686,6933536,26.1794
4488646,6932499,103.219
4488647,6934114,27.335
4488648,6933437,94.7449
4488691,6932136,526.168
4488692,6932137,274.633
4488693,6932140,317.005
4488694,6932141,187.963
4488687,6933944,93.2041
4488480,6932781,103.219
4488688,6932133,68.9366
4488689,6932134,219.55
4488695,6932142,336.265
4488696,6932225,28.1054
4488697,6932143,387.497
4488690,6932135,384.415
4488481,6934212,700.279
4488721,6933563,275.404
4488722,6933562,123.25
4488723,6933561,161.77
4488698,6932144,108.612
4488699,6932145,164.851
4488700,6932147,83.1889
4488701,6932148,209.149
4488702,6932149,386.341
4488703,6932152,941.799
4488724,6933560,539.65
4488725,6933559,429.869
4488726,6933558,371.703
4488704,6932153,468.774
4488482,6933093,28.1054
4488705,6932154,140.584
4488706,6932155,102.064
4488707,6932156,153.295
4488727,6933557,724.931
4488728,6933556,155.992
4488729,6932482,181.03
4488730,6932482,119.783
4488708,6933207,237.269
4488483,6933101,87.4261
4488731,6932270,48.521
4488484,6932806,27.335
4488485,6933262,31.187
4488486,6932296,26.1794
4488732,6932484,231.106
4488733,6933261,30.4166
4488734,6932485,310.457
4488735,6934325,38.891
4488736,6932884,340.502
4488737,6931775,24.6386
4488738,6932788,26.5646
4488709,6931564,441.425
4488710,6931639,27.7202
4488711,6932963,111.694
4488712,6932960,375.941
4488713,6932959,369.777
4488714,6932552,28.4906
4488715,6933567,879.396
4488716,6934308,27.335
4488739,6932100,230.72
4488740,6932883,385.571
4488741,6932296,41.9726
4488717,6932423,54.6842
4488487,6934176,196.052
4488718,6933566,186.808
4488719,6933565,214.927
4488720,6933564,186.037
4488759,6932657,129.028
4488760,6932658,112.464
4488761,6932659,269.626
4488742,6933156,181.415
4488743,6932882,201.06
4488744,6932793,24.6386
4488745,6932815,26.5646
4488746,6934181,27.335
4488747,6931629,50.447
4488748,6933315,46.9802
4488749,6931974,126.331
4488750,6931717,33.113
4488762,6931746,33.4982
4488763,6932660,426.787
4488751,6932301,389.423
4488788,6932795,553.903
4488752,6932302,185.652
4488753,6932304,380.948
4488754,6932306,384.8
4488755,6932307,251.906
4488756,6932308,718.768
4488757,6933403,77.411
4488758,6933764,283.493
4488823,6932816,1049.27
4488764,6932662,212.231
4488765,6933408,266.159
4488766,6933406,58.9214
4488767,6933405,317.775
4488768,6932273,27.7202
4488769,6933139,34.2686
4488770,6933141,130.568
4488771,6933141,91.6633
4488772,6933404,186.808
4488773,6933254,32.3426
4488824,6932817,940.258
4488825,6933750,26.1794
4488774,6934206,78.1814
4488789,6932467,196.438
4488826,6932115,41.9726
4488827,6932114,54.299
4488828,6932116,41.2022
4488829,6932116,44.2838
4488790,6932064,250.366
4488830,6933951,94.7449
4488791,6933761,46.2098
4488831,6934251,24.6386
4488832,6932665,187.963
4488833,6932862,196.052
4488834,6932863,248.825
4488835,6932864,757.673
4488836,6932865,376.711
4488837,6932868,334.339
4488838,6932274,28.1054
4488775,6933198,77.411
4488776,6932839,157.147
4488777,6932964,27.7202
4488778,6932471,26.1794
4488779,6933939,298.516
4488780,6932783,232.261
4488781,6932786,389.423
4488782,6932788,475.707
4488783,6932789,204.912
4488784,6932790,142.51
4488785,6932791,875.159
4488839,6933754,26.9498
4488840,6933148,139.428
4488841,6933147,580.867
4488842,6933510,78.1814
4488792,6933716,30.8018
4488843,6933234,26.1794
4488844,6932870,162.925
4488845,6932870,50.0618
4488846,6931815,33.8834
4488847,6931752,34.2686
4488786,6932792,718.768
4488787,6932794,129.028
4488859,6932772,770.385
4488860,6932765,86.2705
4488861,6932750,443.736
4488848,6932250,45.8246
4488849,6933591,205.682
4488793,6932061,34.6538
4488850,6933629,78.1814
4488851,6932876,387.882
4488862,6932749,223.402
4488794,6932551,81.2629
4488863,6932747,179.874
4488852,6932878,339.732
4488853,6932877,417.927
4488795,6932063,149.443
4488854,6933678,64.3142
4488855,6932881,390.963
4488856,6932775,736.102
4488857,6932774,56.225
4488858,6932773,193.356
4488864,6932746,418.313
4488865,6932745,761.14
4488866,6932744,706.057
4488867,6933708,480.715
4488868,6933711,97.8265
4488869,6933712,511.531
4488870,6932720,276.944
4488871,6932719,185.652
4488796,6932372,476.863
4488872,6932718,326.635
4488873,6932717,126.331
4488874,6933587,25.409
4488891,6933428,316.62
4488797,6932373,304.679
4488892,6933429,406.757
4488893,6932122,27.335
4488894,6933109,1025
4488895,6934086,26.9498
4488896,6933110,268.47
4488897,6933111,336.265
4488898,6933112,248.054
4488899,6933641,32.3426
4488900,6931679,80.4925
4488875,6934273,28.8758
4488876,6933904,31.5722
4488877,6933807,27.335
4488878,6933041,25.0238
4488879,6933889,26.5646
4488880,6931809,33.4982
4488881,6933101,1199.5
4488882,6933070,241.121
4488883,6932522,41.2022
4488884,6933072,527.324
4488901,6933113,377.481
4488902,6933114,401.749
4488798,6932109,45.4394
4488903,6933115,67.0106
4488904,6933116,138.272
4488905,6933117,108.997
4488906,6933118,132.494
4488907,6933119,236.498
4488908,6932460,448.358
4488909,6932800,315.464
4488910,6934040,68.9366
4488911,6931649,157.918
4488912,6931760,27.335
4488885,6932656,807.749
4488886,6932655,936.406
4488887,6932492,422.55
4488888,6933566,28.1054
4488889,6933252,286.96
4488890,6933427,155.221
4488913,6934260,125.176
4488799,6933010,326.635
4488800,6933095,224.557
4488801,6933121,236.884
4488917,6932798,761.525
4488802,6934305,388.652
4488918,6932945,25.7942
4488919,6933056,62.3882
4488920,6933845,25.0238
4488921,6933058,617.076
4488914,6934112,26.9498
4488915,6933769,26.5646
4488916,6932704,26.5646
4488956,6932583,442.195
4488957,6932582,223.787
4488958,6932551,48.9062
4488959,6932581,571.237
4488960,6932580,148.673
4488922,6933059,186.422
4488803,6932082,503.442
4488923,6933061,50.447
4488924,6933062,320.472
4488925,6933063,137.117
4488961,6932579,229.18
4488962,6932578,159.844
4488963,6932577,303.138
4488964,6932576,133.265
4488804,6933902,29.261
4488965,6932575,123.635
4488966,6932574,694.115
4488967,6932572,155.221
4488968,6932571,108.227
4488969,6932890,387.111
4488970,6932891,535.413
4488971,6932892,1145.95
4488926,6933064,671.389
4488927,6932753,116.701
4488928,6934264,53.1434
4488929,6933865,75.485
4488930,6933604,25.7942
4488931,6933985,614.379
4488932,6932447,26.5646
4488933,6933887,32.3426
4488934,6933129,365.155
4488972,6932896,202.216
4488973,6932560,207.223
4488805,6932623,27.7202
4488974,6933409,274.633
4488975,6933410,664.07
4488976,6933411,530.406
4488977,6933412,222.246
4488978,6933414,251.906
4488979,6933415,157.918
4488980,6933416,633.254
4488981,6933243,24.2534
4488982,6931887,41.2022
4488983,6933082,220.705
4488935,6932457,51.6026
4488936,6932448,622.083
4488937,6933506,132.494
4488984,6932260,52.373
4488806,6933780,26.1794
4488985,6932645,236.113
4488986,6932644,202.601
4488987,6932643,233.417
4488938,6933507,151.369
4488939,6933508,320.472
4488940,6933509,694.501
4488807,6931918,62.003
4488941,6932447,481.485
4488942,6933658,57.3806
4488988,6932642,459.529
4488989,6932630,353.984
4488990,6932612,719.924
4488991,6933580,25.409
4488992,6932045,27.7202
4488993,6932390,199.904
4488994,6933838,330.487
4488943,6933083,1150.19
4488944,6932592,30.0314
4488945,6934308,25.7942
4488946,6933066,300.827
4488947,6932300,639.802
4488948,6932299,436.032
4488949,6932991,25.7942
4488995,6934113,28.8758
4488996,6932606,237.269
4488808,6931917,82.8037
4488950,6932746,28.4906
4488809,6931923,182.185
4488951,6933035,67.3958
4488952,6933341,370.548
4488953,6933342,441.425
4488954,6933343,300.827
4488955,6933344,716.072
4488997,6932588,618.616
4488998,6932589,141.354
4488999,6932590,488.419
4489000,6932591,254.218
4489001,6932592,432.565
4488810,6931923,200.675
4489002,6932593,273.863
4489035,6932827,25.409
4489003,6932594,269.24
4488811,6931993,68.5514
4489004,6932595,587.03
4489036,6933511,91.2781
4489037,6932731,451.825
4489005,6932596,357.836
4488812,6931726,60.4622
4489006,6932597,350.132
4489038,6934127,65.0846
4489039,6932730,135.576
4489040,6932728,244.973
4489041,6933482,527.324
4489042,6934154,68.1662
4489043,6933485,692.189
4489007,6932601,53.1434
4489008,6932602,563.148
4489009,6933255,303.138
4489010,6931780,92.8189
4489011,6933256,100.523
4489012,6933723,263.077
4489013,6933257,190.66
4489044,6932208,42.3578
4489045,6932513,242.276
4488813,6932814,433.721
4489046,6932512,313.153
4489047,6932511,598.586
4489048,6932510,43.5134
4489014,6933258,237.269
4489015,6933691,29.6462
4489016,6933259,347.436
4488814,6932760,455.677
4489017,6933261,490.345
4489049,6932509,164.851
4489050,6932508,141.739
4489018,6933262,281.567
4489019,6933040,528.865
4489020,6933648,568.926
4489021,6932461,137.502
4489022,6933999,30.0314
4489023,6931885,30.0314
4489024,6932471,1611.28
4489051,6932507,242.276
4489052,6934095,33.8834
4489053,6934030,28.4906
4489054,6931581,206.838
4489055,6932614,26.5646
4489056,6931930,27.335
4489057,6931891,67.3958
4489058,6932468,275.404
4489025,6931856,64.3142
4489026,6932544,25.0238
4488815,6932808,187.578
4489027,6932792,110.923
4489028,6931739,25.409
4489029,6933842,25.0238
4489030,6932791,189.119
4489031,6933930,26.5646
4489032,6933609,24.2534
4489033,6933895,26.5646
4489034,6931931,125.946
4489059,6934138,33.8834
4489060,6933263,372.474
4489061,6931795,59.6918
4489062,6933449,349.362
4489063,6933450,336.265
4489064,6933451,261.151
4489065,6933452,63.5438
4489066,6933453,118.242
4489067,6933511,946.036
4489068,6934182,28.8758
4489072,6933526,25.409
4489073,6933992,53.5286
4488816,6932810,310.071
4489074,6932743,641.728
4489075,6932742,435.261
4489076,6932737,451.825
4489069,6933512,259.61
4489070,6932555,195.667
4489071,6932555,213.772
4489077,6932735,196.052
4489078,6932750,28.1054
4489079,6932479,201.83
4489080,6932797,312.383
4489081,6932796,243.432
4489082,6933413,420.239
4489083,6932584,414.461
4488817,6932293,200.675
4489084,6933058,28.1054
4489085,6934038,23.0978
4489086,6933932,27.335
4489103,6932861,228.794
4489104,6933450,29.261
4489105,6932860,155.992
4489087,6933320,26.5646
4488818,6932811,206.453
4489088,6933144,65.4698
4489089,6932504,547.74
4489106,6932858,930.628
4489107,6932857,108.612
4488819,6932812,446.432
4489108,6932856,347.821
4489109,6932854,103.219
4489110,6932853,865.529
4489111,6932852,581.252
4489112,6932851,127.102
4489113,6932849,493.426
4489114,6932848,573.163
4489090,6931718,27.7202
4489091,6932654,2215.65
4489092,6932653,1904.8
4489093,6932652,132.88
4489094,6932651,188.348
4489095,6932650,309.686
4488820,6932813,261.151
4489096,6932649,223.402
4489097,6932648,253.062
4489115,6932847,701.049
4489116,6933695,25.409
4489098,6932647,68.1662
4489099,6932646,619.387
4489100,6933394,157.147
4489101,6933113,24.2534
4489102,6932392,25.0238
4489117,6931764,24.6386
4489118,6933648,29.261
4489119,6932384,28.4906
4489120,6932836,810.061
4489121,6932835,197.208
4489122,6932066,158.303
4489123,6932834,214.157
4489124,6932471,61.2326
4488821,6932814,418.313
4489125,6932471,184.496
4489126,6932471,96.2857
4489127,6933277,25.409
4489130,6932832,365.155
4489131,6932831,197.593
4488822,6932815,158.303
4489128,6933019,120.939
4489129,6932833,652.129
4489132,6932830,437.958
4489133,6932829,484.952
4489134,6932828,292.352
4489135,6932826,101.679
4489136,6933321,100.523
4489137,6932507,28.8758
4489138,6933430,74.7146
4489139,6932009,82.0333
4489164,6932741,542.347
4489165,6932481,152.525
4489140,6931904,29.261
4489194,6933619,1295.8
4489141,6931579,31.9574
4489142,6933513,288.115
4489143,6933396,24.2534
4489144,6933516,38.5058
4489145,6933520,713.375
4489146,6933156,62.7734
4489147,6932967,150.599
4489148,6932387,539.265
4489149,6932968,902.123
4489166,6932480,446.817
4489167,6932500,359.762
4489168,6932499,315.464
4489169,6933489,181.03
4489170,6933492,343.969
4489171,6933493,424.861
4489172,6933494,106.301
4489173,6933495,149.058
4489174,6933496,826.239
4489175,6933497,350.517
4489176,6933498,504.597
4489150,6931613,78.5666
4489151,6932988,132.109
4489152,6933983,47.7506
4489195,6932803,86.6557
4489153,6932989,338.576
4489154,6932990,97.0561
4489155,6932991,413.305
4489156,6932993,650.973
4489157,6932995,369.392
4489158,6932996,699.508
4489159,6932998,157.918
4489160,6932750,45.4394
4489161,6933000,724.546
4489162,6933002,77.411
4489177,6933499,480.33
4489178,6933500,362.459
4489179,6933501,594.349
4489180,6933502,174.866
4489181,6933503,113.235
4489182,6933504,370.548
4489183,6933505,555.058
4489184,6932760,536.954
4489185,6932153,28.8758
4489186,6932759,420.624
4489187,6932758,540.806
4489163,6933587,21.9422
4489196,6932801,691.034
4489228,6933019,654.825
4489229,6933018,240.736
4489188,6933078,622.083
4489189,6933080,122.479
4489190,6933081,494.197
4489191,6934008,30.4166
4489192,6933217,28.4906
4489193,6933215,27.335
4489230,6934130,31.187
4489231,6933017,276.944
4489197,6932832,25.7942
4489232,6933635,555.058
4489233,6934294,29.261
4489234,6933636,749.584
4489198,6933264,84.3445
4489235,6933638,503.056
4489236,6933639,565.074
4489237,6933640,510.76
4489238,6933333,233.802
4489239,6931777,234.572
4489240,6932850,297.36
4489241,6932552,46.595
4489242,6931845,83.5741
4489243,6933842,27.7202
4489266,6932029,321.627
4489267,6933664,509.605
4489268,6933663,1030.01
4489269,6933360,505.368
4489270,6932182,28.8758
4489271,6931709,257.684
4489272,6931708,313.153
4489244,6932083,26.5646
4489199,6933265,119.013
4489245,6931889,982.245
4489246,6933925,26.9498
4489247,6931889,546.969
4489248,6932977,26.5646
4489249,6934036,28.8758
4489250,6933421,56.6102
4489251,6933051,148.288
4489252,6933205,135.576
4489273,6931707,355.525
4489274,6931706,598.201
4489275,6931705,466.463
4489276,6932628,25.7942
4489277,6931696,297.36
4489278,6931695,297.745
4489279,6932192,155.221
4489280,6932187,265.388
4489281,6932186,299.286
4489282,6932537,163.31
4489253,6934204,36.5798
4489254,6931717,363.614
4489200,6932781,410.223
4489255,6933518,610.142
4489256,6932692,95.1301
4489257,6934046,63.1586
4489258,6931827,23.483
4489259,6933949,406.371
4489260,6933759,114.005
4489261,6933949,26.9498
4489262,6931854,262.307
4489263,6931851,261.151
4489264,6931849,211.846
4489283,6933025,36.1946
4489284,6932751,32.3426
4489285,6932395,27.7202
4489286,6934152,304.294
4489287,6933881,214.542
4489288,6933992,31.5722
4489201,6932780,110.538
4489289,6933882,833.943
4489290,6933884,152.525
4489265,6933906,310.842
4489202,6932779,283.108
4489295,6932939,517.309
4489291,6934224,25.409
4489203,6932778,242.662
4489292,6933027,890.952
4489293,6933031,181.415
4489294,6932938,265.388
4489296,6932940,504.212
4489297,6932941,416.387
4489298,6932942,283.108
4489299,6932944,468.389
4489300,6932533,200.675
4489301,6934188,61.6178
4489302,6933730,65.0846
4489303,6933014,53.1434
4489304,6932432,80.4925
4489338,6932378,24.2534
4489204,6932777,64.3142
4489339,6932715,524.628
4489340,6933778,143.665
4489305,6931630,103.605
4489306,6932450,281.182
4489341,6934073,358.607
4489205,6933439,61.2326
4489307,6932552,26.5646
4489308,6932061,30.4166
4489309,6933191,46.595
4489310,6933744,28.4906
4489311,6932555,188.734
4489312,6932724,233.032
4489313,6932723,693.73
4489314,6932722,355.525
4489342,6934216,28.1054
4489343,6931568,27.7202
4489344,6933649,39.2762
4489345,6932683,25.0238
4489346,6933884,26.9498
4489315,6932375,25.7942
4489316,6934036,26.1794
4489347,6931775,24.6386
4489206,6933440,58.9214
4489348,6932788,26.5646
4489349,6932616,184.111
4489317,6934283,53.5286
4489318,6933626,26.9498
4489319,6932297,30.4166
4489320,6932954,566.614
4489350,6931817,28.4906
4489207,6933441,195.667
4489351,6933302,28.1054
4489352,6933156,57.3806
4489353,6932008,38.1206
4489354,6931671,30.8018
4489355,6933111,25.0238
4489356,6931852,26.9498
4489357,6931832,500.36
4489358,6933878,26.9498
4489321,6933277,30.0314
4489322,6933059,23.0978
4489323,6933980,70.8626
4489324,6931636,26.1794
4489325,6933884,32.7278
4489326,6934237,26.9498
4489327,6934104,27.7202
4489328,6933754,33.8834
4489329,6932672,31.187
4489359,6933143,163.696
4489360,6932054,27.335
4489330,6931967,41.2022
4489208,6932263,597.045
4489331,6933201,40.0466
4489332,6931833,38.1206
4489333,6932560,309.686
4489334,6932827,26.9498
4489335,6934246,28.1054
4489336,6933184,30.8018
4489337,6932296,34.2686
4489361,6933217,460.685
4489362,6933218,164.851
4489363,6933219,113.235
4489364,6933220,540.806
4489365,6932108,58.5362
4489366,6932274,1296.57
4489367,6932823,160.999
4489368,6932849,31.187
4489369,6932630,23.8682
4489370,6931745,216.853
4489382,6933138,458.759
4489371,6933591,27.7202
4489372,6932862,26.1794
4489373,6933177,25.0238
4489374,6934274,34.2686
4489375,6931616,161.384
4489376,6932927,34.6538
4489383,6931760,70.0922
4489384,6933940,530.02
4489385,6933386,577.785
4489386,6933387,461.84
4489387,6933389,556.984
4489377,6933135,26.5646
4489378,6933766,28.1054
4489388,6933346,273.478
4489209,6932264,258.455
4489389,6931674,102.449
4489390,6933350,107.457
4489391,6933389,29.261
4489379,6934035,30.8018
4489380,6932791,122.865
4489381,6934041,83.5741
4489392,6933353,43.8986
4489393,6933355,248.054
4489394,6932232,226.483
4489395,6932231,285.034
4489396,6932230,305.834
4489397,6932229,807.364
4489398,6932228,159.844
4489408,6931803,220.32
4489409,6931801,441.425
4489210,6933665,587.8
4489410,6931800,303.138
4489411,6932616,28.1054
4489412,6931798,1003.82
4489399,6931816,234.958
4489400,6931815,217.624
4489401,6931814,115.546
4489402,6931812,339.732
4489403,6931811,375.17
4489413,6931795,107.842
4489211,6933470,248.825
4489414,6931797,155.992
4489415,6932829,25.0238
4489212,6933965,29.6462
4489416,6931794,455.292
4489404,6931810,374.785
4489405,6931808,172.17
4489417,6933069,26.1794
4489418,6931793,35.8094
4489419,6931792,106.301
4489420,6931791,269.24
4489406,6931806,132.494
4489407,6931805,561.222
4489441,6933460,423.705
4489442,6933457,82.0333
4489421,6931790,749.969
4489213,6932471,28.8758
4489422,6931789,388.267
4489423,6931787,52.373
4489424,6931786,443.351
4489443,6933456,153.295
4489444,6933455,805.438
4489445,6933322,1247.65
4489446,6932446,22.7126
4489425,6931785,250.751
4489214,6932427,274.248
4489426,6931784,254.218
4489427,6931783,707.597
4489215,6931970,187.963
4489216,6933460,39.6614
4489428,6931782,781.171
4489429,6931781,323.168
4489430,6933666,608.216
4489431,6932967,155.221
4489432,6933207,25.409
4489433,6931855,449.514
4489434,6933378,488.804
4489447,6932474,659.833
4489448,6932476,439.113
4489449,6932218,528.48
4489450,6932219,374.015
4489451,6932220,238.424
4489452,6932221,458.759
4489453,6932216,298.901
4489454,6932222,208.379
4489455,6932214,348.591
4489435,6933377,296.975
4489456,6932213,147.902
4489436,6933465,83.5741
4489217,6933951,110.153
4489437,6933464,222.631
4489438,6933462,204.142
4489439,6933461,351.673
4489440,6932390,25.7942
4489473,6932294,66.2402
4489474,6931883,482.641
4489457,6932212,211.846
4489458,6932211,828.935
4489459,6932210,232.646
4489460,6932209,194.512
4489461,6933899,25.0238
4489462,6931676,93.2041
4489463,6932378,24.2534
4489464,6932587,872.463
4489465,6931943,25.0238
4489475,6932295,734.561
4489476,6932034,26.5646
4489466,6932288,825.854
4489218,6932929,28.1054
4489467,6932289,150.214
4489468,6932290,486.493
4489469,6932291,458.373
4489477,6931964,26.1794
4489478,6932585,295.434
4489479,6931778,40.4318
4489480,6931885,26.9498
4489481,6932216,41.2022
4489482,6933296,58.9214
4489483,6932230,26.5646
4489484,6931976,770
4489470,6932292,630.172
4489471,6932293,200.675
4489472,6934288,26.5646
4489503,6933300,434.106
4489504,6934035,145.206
4489505,6934039,428.328
4489485,6931975,320.472
4489506,6932630,29.6462
4489219,6934323,26.5646
4489507,6932659,25.409
4489508,6933960,349.362
4489509,6933959,210.69
4489486,6931974,753.821
4489487,6934086,152.525
4489510,6933958,301.597
4489220,6931708,27.7202
4489511,6933957,67.3958
4489512,6933956,162.54
4489513,6932984,28.1054
4489514,6934309,222.246
4489515,6934130,267.314
4489516,6934129,548.895
4489488,6934085,656.366
4489489,6934083,293.123
4489490,6934082,475.707
4489491,6934081,473.396
4489492,6934079,422.935
4489493,6933904,487.649
4489494,6933905,167.548
4489495,6932483,28.4906
4489517,6934128,366.696
4489518,6932546,517.309
4489221,6931945,229.95
4489519,6932545,601.668
4489520,6933725,1112.44
4489521,6932748,63.929
4489522,6933186,25.7942
4489523,6931930,587.415
4489524,6932095,231.491
4489525,6933703,577.785
4489526,6933704,145.206
4489527,6933705,464.537
4489528,6933706,473.396
4489496,6932526,218.394
4489497,6932547,27.7202
4489498,6934318,105.145
4489499,6933300,211.075
4489500,6934035,139.043
4489501,6934036,227.639
4489502,6932240,120.939
4489531,6934313,29.261
4489529,6932194,169.859
4489530,6932922,26.1794
4489532,6934188,414.461
4489533,6933040,33.113
4489534,6932755,140.969
4489535,6932498,543.117
4489536,6932497,398.667
4489573,6932215,26.5646
4489574,6931925,625.935
4489222,6932765,28.1054
4489575,6931668,25.409
4489576,6933662,675.626
4489577,6931982,607.446
4489537,6932496,395.201
4489538,6932495,466.848
4489223,6931972,26.1794
4489539,6932494,380.563
4489578,6931664,26.5646
4489579,6932557,31.5722
4489540,6932493,287.73
4489580,6932947,28.1054
4489581,6933268,27.335
4489582,6932555,33.113
4489583,6932286,64.6994
4489584,6933190,26.5646
4489585,6932594,26.9498
4489586,6933574,83.5741
4489541,6933162,484.567
4489542,6933165,518.464
4489543,6933756,320.857
4489544,6932297,27.7202
4489545,6931775,25.0238
4489546,6932356,30.4166
4489547,6934218,26.1794
4489548,6934104,52.373
4489587,6931701,267.314
4489588,6932378,24.2534
4489549,6931581,110.153
4489589,6931700,442.965
4489224,6932472,90.1225
4489590,6932286,181.8
4489591,6932287,295.049
4489550,6931581,122.094
4489551,6933613,30.4166
4489552,6931714,228.794
4489553,6932655,32.3426
4489554,6934094,624.394
4489555,6933842,635.565
4489556,6933843,1194.1
4489592,6934189,124.02
4489593,6934189,102.834
4489594,6933408,30.8018
4489595,6931982,179.874
4489596,6932560,206.068
4489597,6931710,296.975
4489598,6932557,30.8018
4489599,6932080,25.0238
4489600,6932750,34.6538
4489557,6933844,294.278
4489558,6931715,87.0409
4489559,6931600,119.783
4489560,6934101,528.094
4489561,6931884,133.265
4489562,6934172,25.409
4489601,6931747,138.658
4489602,6933982,81.6481
4489603,6933554,74.3294
4489604,6931976,337.035
4489605,6933535,204.142
4489606,6932433,36.5798
4489607,6933655,199.904
4489563,6932083,23.483
4489225,6931681,25.0238
4489564,6931637,822.772
4489565,6933148,26.5646
4489566,6932905,23.483
4489567,6933203,299.671
4489608,6933906,26.5646
4489609,6933124,30.4166
4489610,6934201,29.261
4489226,6932533,34.2686
4489611,6934226,27.335
4489612,6934197,326.635
4489613,6933366,407.142
4489614,6933365,440.269
4489615,6933364,407.142
4489616,6933363,382.104
4489568,6932344,26.9498
4489569,6932772,26.9498
4489570,6931611,143.28
4489571,6931612,124.405
4489572,6931613,603.208
4489649,6932924,73.9442
4489227,6933716,26.5646
4489650,6933732,134.42
4489651,6934008,669.848
4489652,6931775,24.6386
4489617,6933362,258.455
4489618,6931912,65.855
4489619,6932296,124.02
4489620,6932123,85.8853
4489621,6933600,448.743
4489622,6933598,217.624
4489623,6932222,27.7202
4489624,6932996,28.8758
4489625,6931683,162.54
4489626,6932930,46.595
4489627,6933351,598.971
4489628,6932367,46.2098
4489629,6934070,25.409
4489653,6932788,26.5646
4489654,6933432,30.4166
4489655,6934010,339.732
4489656,6932545,21.9422
4489657,6934011,567.385
4489658,6934012,276.944
4489659,6934014,623.239
4489660,6931808,170.629
4489661,6932836,30.4166
4489662,6931674,456.062
4489663,6931930,28.1054
4489664,6931778,140.198
4489665,6931779,497.664
4489666,6933657,179.874
4489667,6933658,442.58
4489668,6933659,176.022
4489669,6933660,377.096
4489630,6932427,83.1889
4489631,6931709,105.916
4489632,6932009,167.162
4489633,6934203,143.665
4489634,6934205,441.039
4489702,6931644,1336.63
4489635,6932942,76.2554
4489636,6934207,180.644
4489637,6934208,712.605
4489638,6931975,25.7942
4489670,6933661,548.895
4489671,6933374,761.14
4489672,6933375,324.324
4489673,6933376,301.212
4489674,6932945,92.8189
4489675,6932537,151.754
4489676,6932974,26.1794
4489677,6933949,26.5646
4489678,6932538,160.614
4489679,6933207,359.762
4489680,6932182,25.409
4489681,6933248,71.633
4489639,6934282,123.635
4489640,6933503,107.842
4489641,6934209,226.098
4489642,6933400,501.13
4489643,6933398,316.235
4489682,6932579,26.1794
4489703,6931959,55.8398
4489683,6933323,561.992
4489684,6933324,251.906
4489685,6933325,306.22
4489644,6933397,299.671
4489645,6933913,51.2174
4489704,6933521,27.335
4489646,6932620,28.4906
4489647,6933144,114.39
4489648,6932537,153.295
4489686,6933326,317.775
4489687,6933327,214.157
4489688,6934016,208.379
4489689,6932741,825.854
4489690,6933147,138.658
4489691,6933617,32.3426
4489705,6932182,40.0466
4489692,6933407,24.6386
4489693,6932807,266.929
4489694,6933397,28.1054
4489706,6931717,40.4318
4489695,6932179,791.571
4489735,6933841,359.377
4489696,6932180,433.721
4489736,6933047,40.0466
4489707,6932931,238.424
4489737,6932053,28.4906
4489738,6933894,77.7962
4489739,6933594,95.1301
4489740,6933593,475.707
4489697,6932181,289.271
4489698,6932182,1102.04
4489699,6932183,687.182
4489700,6932184,451.44
4489701,6934058,341.273
4489741,6933592,395.586
4489708,6934282,105.531
4489742,6933132,28.8758
4489743,6931831,799.66
4489744,6931636,767.689
4489772,6932942,23.483
4489773,6931933,182.57
4489745,6931635,146.362
4489774,6932028,26.1794
4489709,6934181,66.6254
4489775,6932214,26.5646
4489746,6931860,61.2326
4489747,6933392,126.716
4489748,6931633,363.614
4489749,6932745,28.1054
4489750,6931867,40.4318
4489751,6934074,697.197
4489752,6932082,101.293
4489753,6932824,26.9498
4489754,6933554,66.2402
4489776,6934104,161.77
4489777,6931977,93.9745
4489778,6932814,29.261
4489779,6933708,25.7942
4489780,6931609,23.483
4489781,6932834,28.1054
4489782,6934266,26.1794
4489783,6932044,33.113
4489784,6932044,26.1794
4489755,6932711,94.3597
4489756,6932037,28.1054
4489757,6933909,38.1206
4489785,6933478,27.335
4489786,6932052,28.1054
4489787,6931923,150.214
4489758,6933401,27.7202
4489710,6932733,112.079
4489759,6931770,340.117
4489760,6932624,30.8018
4489761,6932921,51.6026
4489762,6933584,123.635
4489763,6933328,104.375
4489764,6931679,83.1889
4489765,6932785,197.208
4489766,6932427,26.1794
4489767,6933363,125.946
4489788,6933364,33.113
4489789,6934062,26.9498
4489790,6933106,25.7942
4489791,6933587,28.8758
4489792,6933511,29.6462
4489793,6932600,157.147
4489794,6934214,28.1054
4489795,6932507,31.9574
4489796,6931959,25.7942
4489797,6932788,26.5646
4489798,6931775,24.6386
4489768,6932966,29.6462
4489769,6932456,65.4698
4489711,6933163,26.9498
4489770,6931775,24.6386
4489771,6932788,26.5646
4489799,6932935,555.444
4489800,6933989,30.4166
4489801,6934196,193.356
4489802,6932535,249.98
4489803,6933423,26.5646
4489804,6932371,416.772
4489805,6932370,296.204
4489814,6933874,606.675
4489815,6933875,338.961
4489816,6933876,343.199
4489817,6933877,187.578
4489818,6932520,28.1054
4489806,6932369,275.404
4489819,6934311,28.8758
4489712,6933176,26.1794
4489820,6931634,30.0314
4489821,6931821,27.335
4489807,6932060,301.597
4489808,6932368,564.688
4489809,6932366,188.348
4489822,6933554,67.3958
4489810,6932365,33.113
4489713,6931923,213.772
4489811,6932363,348.977
4489812,6933869,81.2629
4489813,6933871,239.965
4489823,6932560,205.682
4489824,6933164,280.411
4489825,6933661,26.1794
4489826,6931745,239.58
4489827,6932560,194.897
4489828,6933514,127.102
4489829,6931574,28.8758
4489830,6931698,29.261
4489854,6933882,30.4166
4489855,6933804,727.243
4489831,6931802,25.409
4489714,6931618,75.0998
4489832,6934024,88.9669
4489833,6931961,496.123
4489856,6933803,37.7354
4489857,6933802,352.829
4489858,6933801,324.324
4489859,6933799,404.06
4489860,6933798,130.568
4489861,6933797,145.206
4489862,6933796,131.339
4489863,6933794,144.436
4489864,6933793,108.612
4489834,6931960,67.0106
4489835,6932991,27.7202
4489836,6931958,412.92
4489837,6934066,87.8113
4489838,6932817,30.4166
4489839,6933759,63.5438
4489840,6932821,33.113
4489841,6931776,202.601
4489865,6933792,322.398
4489715,6931916,33.113
4489866,6933549,25.409
4489867,6933791,2010.73
4489868,6934138,455.292
4489869,6934137,283.878
4489870,6934136,122.479
4489871,6934135,575.089
4489872,6933658,26.1794
4489873,6934133,262.692
4489874,6933076,26.1794
4489842,6934312,259.225
4489843,6934313,791.956
4489844,6934314,947.192
4489845,6933281,359.762
4489846,6933272,477.633
4489847,6933280,199.904
4489848,6933278,236.498
4489849,6933278,142.124
4489850,6933271,458.373
4489851,6931830,102.064
4489875,6933611,49.6766
4489876,6931645,57.7658
4489852,6933805,796.964
4489716,6931832,432.18
4489853,6933238,27.335
4489884,6931998,283.878
4489885,6933856,294.664
4489886,6933855,126.716
4489877,6934303,83.1889
4489878,6931782,27.335
4489879,6932231,40.0466
4489880,6931995,252.292
4489881,6931996,33.113
4489882,6931996,70.4774
4489883,6931997,209.92
4489887,6933854,336.65
4489717,6934240,378.637
4489888,6932560,186.037
4489889,6933597,696.041
4489921,6932332,374.785
4489718,6931729,303.138
4489922,6932333,105.531
4489719,6931967,27.7202
4489923,6932334,147.517
4489890,6932183,26.1794
4489891,6932281,25.7942
4489720,6933142,30.0314
4489892,6933514,125.561
4489893,6931726,27.7202
4489894,6933164,271.166
4489895,6932309,277.33
4489896,6932311,261.536
4489897,6932312,217.624
4489924,6932335,60.4622
4489925,6933458,28.4906
4489926,6932337,37.3502
4489927,6932338,71.2478
4489928,6932339,563.918
4489929,6932340,103.605
4489930,6932341,424.091
4489931,6932342,521.161
4489898,6932313,847.425
4489899,6932314,317.775
4489721,6934303,261.151
4489900,6932315,273.863
4489901,6932316,108.997
4489932,6932343,103.99
4489933,6932344,51.6026
4489722,6934241,446.047
4489934,6932346,160.999
4489935,6932347,127.872
4489902,6932317,279.641
4489903,6932318,73.9442
4489904,6932319,210.305
4489905,6932320,393.275
4489906,6932321,106.686
4489907,6932322,228.409
4489908,6932323,269.626
4489909,6934305,471.47
4489936,6932348,121.324
4489937,6932349,515.768
4489938,6932350,38.1206
4489939,6932688,26.9498
4489940,6932352,422.165
4489941,6932353,114.005
4489910,6934304,144.436
4489942,6932560,209.534
4489911,6933710,483.411
4489723,6934242,964.911
4489912,6933709,129.028
4489913,6933164,328.946
4489914,6931775,31.5722
4489915,6932324,330.102
4489916,6932325,538.495
4489917,6932326,174.096
4489918,6932327,183.341
4489919,6932329,282.337
4489943,6932069,30.8018
4489944,6932356,137.502
4489945,6932356,137.887
4489946,6932440,28.1054
4489947,6934303,27.335
4489948,6931738,21.9422
4489949,6933775,223.402
4489950,6933773,178.333
4489951,6933772,256.914
4489920,6932331,172.555
4489952,6933771,51.6026
4489724,6933351,86.6557
4489953,6933770,53.9138
4489954,6933769,424.861
4489955,6933768,142.124
4489725,6934243,46.595
4489956,6933767,139.043
4489726,6934245,191.43
4489957,6933766,354.755
4489958,6933765,237.269
4489959,6933720,27.335
4489727,6934246,483.411
4489987,6933938,369.007
4489988,6933939,320.857
4489728,6934248,492.271
4489989,6932271,255.758
4489729,6931571,26.9498
4489990,6932270,191.43
4489730,6932640,103.219
4489960,6932463,361.688
4489731,6934042,292.738
4489991,6931924,201.445
4489961,6932464,29.6462
4489732,6932817,26.5646
4489962,6931637,332.798
4489992,6932267,245.358
4489993,6932266,238.424
4489994,6933669,303.523
4489995,6934012,90.5077
4489996,6932259,29.6462
4489997,6931608,34.6538
4489963,6932727,1050.04
4489964,6933596,456.447
4489965,6933595,173.326
4489966,6932887,187.193
4489967,6931856,40.817
4489968,6934302,30.0314
4489998,6933222,50.8322
4489969,6934236,31.9574
4489733,6934048,679.093
4489970,6931739,1008.82
4489999,6933077,200.29
4490000,6931738,242.276
4489971,6931740,164.466
4489734,6934049,154.836
4489972,6931741,476.478
4489973,6931742,76.2554
4490001,6931737,172.94
4490002,6932062,67.781
4490003,6932742,459.529
4490004,6932750,35.4242
4490005,6931715,127.102
4490006,6932346,28.1054
4490007,6931718,247.284
4490008,6931719,552.362
4489974,6934076,698.353
4489975,6932273,26.9498
4489976,6932285,28.1054
4489977,6934036,323.553
4489978,6933715,28.8758
4489979,6932046,28.8758
4489980,6932376,73.559
4490009,6931720,254.988
4489981,6933931,269.24
4490024,6933937,23.483
4489982,6933932,188.734
4489983,6933933,124.79
4489984,6933934,112.464
4489985,6933935,398.282
4489986,6933936,397.512
4490010,6931721,276.174
4490011,6933736,30.0314
4490012,6932788,26.5646
4490013,6932499,84.3445
4490014,6931775,24.6386
4490015,6933339,39.2762
4490016,6933395,507.294
4490017,6933396,633.254
4490018,6933442,68.9366
4490019,6932157,99.7525
4490020,6933348,23.483
4490021,6932551,69.707
4490061,6934216,579.711
4490062,6934215,119.013
4490063,6934214,567
4490064,6933536,27.7202
4490065,6933759,76.2554
4490066,6933035,48.1358
4490022,6933040,27.335
4490025,6932473,28.1054
4490023,6931856,25.7942
4490067,6933035,29.6462
4490068,6933833,29.6462
4490026,6934282,27.335
4490069,6933152,318.931
4490070,6933153,323.168
4490071,6932438,28.1054
4490072,6931610,45.0542
4490073,6932544,201.445
4490092,6933585,502.671
4490093,6932066,25.409
4490094,6933249,70.0922
4490095,6933217,125.176
4490074,6932470,481.871
4490096,6932667,219.935
4490027,6933178,26.9498
4490097,6932667,301.982
4490098,6934196,109.768
4490099,6931749,230.335
4490100,6931751,168.318
4490075,6931860,29.261
4490076,6934052,459.529
4490077,6931659,28.1054
4490101,6931752,211.075
4490078,6932152,55.4546
4490102,6931753,276.174
4490028,6932727,97.8265
4490103,6931754,284.648
4490104,6932871,24.6386
4490105,6932918,27.7202
4490106,6934207,35.4242
4490107,6933162,98.9821
4490108,6932178,212.231
4490109,6932176,890.567
4490110,6933802,25.7942
4490111,6932175,65.4698
4490112,6932174,154.451
4490113,6932173,454.907
4490114,6932172,900.968
4490115,6932171,37.7354
4490116,6932170,54.299
4490117,6932821,68.9366
4490079,6931666,28.8758
4490080,6932987,27.335
4490081,6933314,43.8986
4490082,6931659,162.925
4490083,6934260,73.559
4490084,6934260,85.8853
4490085,6933354,578.941
4490086,6931716,60.8474
4490087,6932027,62.7734
4490118,6931607,223.402
4490119,6932888,317.005
4490120,6934316,244.588
4490121,6933627,462.225
4490122,6931668,31.9574
4490123,6932276,23.8682
4490088,6933900,25.0238
4490089,6931716,133.65
4490090,6933911,25.409
4490091,6932002,26.5646
4490124,6934178,30.0314
4490125,6933435,127.872
4490126,6933435,149.443
4490127,6932914,62.3882
4490029,6932900,65.4698
4490128,6932053,62.003
4490129,6934221,102.064
4490130,6934305,265.774
4490131,6932072,64.6994
4490132,6933988,92.0485
4490133,6932071,747.658
4490134,6934060,53.5286
4490135,6932073,82.4185
4490136,6933349,74.3294
4490137,6932069,249.595
4490138,6932068,292.738
4490139,6934305,150.599
4490140,6933996,1242.25
4490141,6933496,26.5646
4490142,6931976,356.295
4490143,6933269,30.0314
4490144,6933135,25.0238
4490145,6931839,192.586
4490146,6933920,421.779
4490147,6932239,547.354
4490148,6932240,174.096
4490157,6932013,421.394
4490158,6932012,431.409
4490159,6933052,29.261
4490160,6933254,26.5646
4490161,6933397,221.861
4490162,6933398,176.407
4490163,6931864,156.762
4490164,6932623,248.054
4490165,6934318,181.03
4490166,6933438,27.7202
4490167,6934069,20.7866
4490168,6933206,37.7354
4490169,6934072,148.288
4490170,6933867,25.409
4490171,6932996,26.9498
4490172,6933362,27.335
4490173,6932927,215.312
4490174,6933718,25.7942
4490175,6932463,28.1054
4490149,6931774,27.7202
4490150,6931672,320.087
4490151,6932091,397.127
4490152,6933992,36.1946
4490153,6932463,67.3958
4490154,6931631,347.821
4490155,6931630,469.544
4490156,6931629,301.982
4490030,6933609,29.261
4490031,6933860,29.6462
4490032,6932750,46.9802
4490033,6933398,112.464
4490034,6933397,139.428
4490035,6932633,511.531
4490036,6932160,81.2629
4490037,6932159,198.749
4490038,6932101,89.3521
4490039,6933131,145.591
4490040,6934323,27.335
4490041,6932631,35.039
4490042,6933627,30.0314
4490043,6934201,83.1889
4490044,6932526,805.823
4490045,6932527,170.244
4490046,6933243,25.409
4490047,6934078,504.597
4490048,6933009,112.849
4490049,6932927,257.684
4490050,6931967,42.743
4490051,6931846,212.231
4490052,6932604,29.6462
4490053,6933587,848.581
4490054,6932371,31.187
4490055,6932954,33.113
4490056,6932896,32.3426
4490057,6931831,185.267
4490058,6934219,188.348
4490059,6934218,446.432
4490060,6934217,112.464
